{"cameraMode":{"drawMode":0,"name":"Shaded","section":"Shading Mode"},"sceneLighting":true,"audioPlay":false,"sceneViewState":{"m_AlwaysRefresh":false,"showFog":true,"showSkybox":true,"showFlares":true,"showImageEffects":true,"showParticleSystems":true,"showVisualEffectGraphs":true,"m_FxEnabled":true},"in2DMode":false,"pivot":{"x":12.708264350891114,"y":-0.5914535522460938,"z":-3.4804296493530275},"rotation":{"x":-0.04807696491479874,"y":-0.8132080435752869,"z":0.06792812049388886,"w":-0.5761407613754273},"size":13.244975090026856,"orthographic":false}