{"cameraMode":{"drawMode":0,"name":"Shaded","section":"Shading Mode"},"sceneLighting":true,"audioPlay":false,"sceneViewState":{"m_AlwaysRefresh":false,"showFog":true,"showSkybox":true,"showFlares":true,"showImageEffects":true,"showParticleSystems":true,"showVisualEffectGraphs":true,"m_FxEnabled":true},"in2DMode":false,"pivot":{"x":23.913698196411134,"y":-0.9398571252822876,"z":-1.7959932088851929},"rotation":{"x":-0.022001469507813455,"y":-0.7314447164535523,"z":0.02365691401064396,"w":-0.6812636256217957},"size":13.244975090026856,"orthographic":false}