{"cameraMode":{"drawMode":0,"name":"Shaded","section":"Shading Mode"},"sceneLighting":true,"audioPlay":false,"sceneViewState":{"m_AlwaysRefresh":false,"showFog":true,"showSkybox":true,"showFlares":true,"showImageEffects":true,"showParticleSystems":true,"showVisualEffectGraphs":true,"m_FxEnabled":true},"in2DMode":false,"pivot":{"x":5.4484381675720219,"y":-5.635100364685059,"z":-21.342208862304689},"rotation":{"x":-0.025402067229151727,"y":-0.9745945930480957,"z":0.1576043665409088,"w":-0.15768438577651978},"size":13.244975090026856,"orthographic":false}