{"cameraMode":{"drawMode":0,"name":"Shaded","section":"Shading Mode"},"sceneLighting":true,"audioPlay":false,"sceneViewState":{"m_AlwaysRefresh":false,"showFog":true,"showSkybox":true,"showFlares":true,"showImageEffects":true,"showParticleSystems":true,"showVisualEffectGraphs":true,"m_FxEnabled":true},"in2DMode":false,"pivot":{"x":14.109878540039063,"y":-0.39647722244262698,"z":5.650435447692871},"rotation":{"x":0.1131339818239212,"y":0.5247708559036255,"z":-0.07071608304977417,"w":0.8407848477363586},"size":11.360259056091309,"orthographic":false}