{"cameraMode":{"drawMode":0,"name":"Shaded","section":"Shading Mode"},"sceneLighting":true,"audioPlay":false,"sceneViewState":{"m_AlwaysRefresh":false,"showFog":true,"showSkybox":true,"showFlares":true,"showImageEffects":true,"showParticleSystems":true,"showVisualEffectGraphs":true,"m_FxEnabled":true},"in2DMode":false,"pivot":{"x":24.3309326171875,"y":-2.4211981296539308,"z":-15.301116943359375},"rotation":{"x":0.024966098368167878,"y":0.8880575895309448,"z":-0.04876838997006416,"w":0.4566861093044281},"size":16.505647659301759,"orthographic":false}